{"cameraMode":{"drawMode":0,"name":"Shaded","section":"Shading Mode"},"sceneLighting":false,"audioPlay":false,"sceneViewState":{"showFog":true,"showMaterialUpdate":true,"showSkybox":true,"showFlares":true,"showImageEffects":true,"showParticleSystems":true},"in2DMode":false,"pivot":{"x":-8.460000038146973,"y":6.0,"z":35.20000076293945},"rotation":{"x":-0.6723160743713379,"y":-0.008882255293428898,"z":0.008068215101957322,"w":-0.740166962146759},"size":30.432310104370118,"orthographic":true}