{"cameraMode":{"drawMode":0,"name":"Shaded","section":"Shading Mode"},"sceneLighting":false,"audioPlay":false,"sceneViewState":{"showFog":true,"showMaterialUpdate":true,"showSkybox":true,"showFlares":true,"showImageEffects":true,"showParticleSystems":true},"in2DMode":false,"pivot":{"x":-0.23999977111816407,"y":1.0799932479858399,"z":98.77999877929688},"rotation":{"x":-0.7144890427589417,"y":-0.0020989272743463518,"z":0.002143473830074072,"w":-0.6996402144432068},"size":38.102142333984378,"orthographic":true}